"14908","26678","Standard","A5B","2022-01-01 03:53:29",NULL,"100050","A","5","B"
"14908","28310","Standard","A7B","2022-01-01 03:45:30",NULL,"100909","A","7","B"
"14908","28353","Standard","A11B","2022-01-01 03:27:05",NULL,"100909","A","11","B"
"14908","34736","Standard","A6A","2022-01-01 03:51:49",NULL,"100909","A","6","A"
"14908","34826","Standard","A12B","2022-01-01 03:25:00",NULL,"100909","A","12","B"
"14908","29984","Standard","A8B","2022-01-01 03:41:13",NULL,"101808","A","8","B"
"14908","34821","Standard","A12A","2022-01-01 03:26:01",NULL,"101808","A","12","A"
"14908","1921","Standard","A10B","2022-01-01 03:28:57",NULL,"104560","A","10","B"
"14908","28298","Standard","A7B","2022-01-01 03:45:14",NULL,"104560","A","7","B"
"14908","10940","Standard","A9B","2022-01-01 03:30:39",NULL,"104714","A","9","B"
"14908","10972","Standard","A12A","2022-01-01 03:25:44",NULL,"104948","A","12","A"
"14908","26701","Standard","A6A","2022-01-01 03:51:40",NULL,"104948","A","6","A"
"14908","26722","Standard","A11B","2022-01-01 03:27:12",NULL,"104948","A","11","B"
"14908","26727","Standard","A11C","2022-01-01 04:40:09",NULL,"104948","A","11","C"
"14908","26733","Standard","A12A","2022-01-01 03:25:50",NULL,"104948","A","12","A"
"14908","26719","Standard","A11B","2022-01-01 03:27:09",NULL,"105268","A","11","B"
"14908","29999","Standard","A8A","2022-01-01 03:34:34",NULL,"105268","A","8","A"
"14908","10955","Standard","A11C","2022-01-01 04:40:12",NULL,"105382","A","11","C"
"14908","26651","Standard","A6B","2022-01-01 03:51:22",NULL,"105382","A","6","B"
"14908","27976","Standard","A8B","2022-01-01 03:41:14",NULL,"105382","A","8","B"
"14908","28257","Standard","A5B","2022-01-01 03:55:45",NULL,"105382","A","5","B"
"14908","28312","Standard","A6B","2022-01-01 03:51:22",NULL,"105382","A","6","B"
"14908","28323","Standard","A10B","2022-01-01 03:29:05",NULL,"105382","A","10","B"
"14908","30901","Standard","A2B","2022-01-01 04:12:53",NULL,"105382","A","2","B"
"14908","30942","Standard","A4B","2022-01-01 03:59:00",NULL,"105382","A","4","B"
"14908","34796","Standard","A9B","2022-01-01 03:30:33",NULL,"105382","A","9","B"
"14908","41020","Standard","A11B","2022-01-01 04:38:17",NULL,"105382","A","11","B"
"14908","41032","Standard","A12C","2022-01-01 03:16:16",NULL,"105382","A","12","C"
"14908","41033","Standard","A12C","2022-01-01 03:16:14",NULL,"105382","A","12","C"
"14908","41036","Standard","A12C","2022-01-01 03:16:28",NULL,"105382","A","12","C"
"14908","26629","Standard","A3A","2022-01-01 04:05:58",NULL,"105444","A","3","A"
"14908","26659","Standard","A5B","2022-01-01 03:55:44",NULL,"105444","A","5","B"
"14908","26676","Standard","A6A","2022-01-01 03:51:34",NULL,"105487","A","6","A"
"14908","28256","Standard","A1B","2022-01-01 04:18:24",NULL,"105487","A","1","B"
"14908","26712","Standard","A10B","2022-01-01 03:29:02",NULL,"106585","A","10","B"
"14908","28274","Standard","A5B","2022-01-01 03:55:38",NULL,"106683","A","5","B"
"14908","30936","Standard","A3B","2022-01-01 04:06:22",NULL,"106683","A","3","B"
"14908","34697","Standard","A1B","2022-01-01 04:18:22",NULL,"106683","A","1","B"
"14908","28262","Standard","A6B","2022-01-01 03:49:00",NULL,"107504","A","6","B"
"14908","29985","Standard","A7B","2022-01-01 03:44:59",NULL,"107504","A","7","B"
"14908","41017","Standard","A11B","2022-01-01 04:37:58",NULL,"107504","A","11","B"
"14908","26703","Standard","A9A","2022-01-01 03:36:21",NULL,"107955","A","9","A"
"14908","27965","Standard","A3C","2022-01-01 04:10:24",NULL,"107955","A","3","C"
"14908","30969","Standard","A4A","2022-01-01 04:05:08",NULL,"108026","A","4","A"
"14908","28288","Standard","A4C","2022-01-01 03:58:38",NULL,"108497","A","4","C"
"14908","28376","Standard","A5A","2022-01-01 03:52:20",NULL,"108497","A","5","A"
"14908","29994","Standard","A7B","2022-01-01 03:45:16",NULL,"108497","A","7","B"
"14908","30964","Standard","A4C","2022-01-01 03:58:29",NULL,"108497","A","4","C"
"14908","34843","Standard","A4C","2022-01-01 03:58:39",NULL,"108497","A","4","C"
"14908","10966","Standard","A12C","2022-01-01 03:16:06",NULL,"109048","A","12","C"
"14908","26692","Standard","A9B","2022-01-01 03:36:52",NULL,"109048","A","9","B"
"14908","27998","Standard","A8C","2022-01-01 03:41:47",NULL,"109048","A","8","C"
"14908","28284","Standard","A4A","2022-01-01 04:04:53",NULL,"109048","A","4","A"
"14908","28291","Standard","A6B","2022-01-01 03:49:17",NULL,"109048","A","6","B"
"14908","28328","Standard","A7B","2022-01-01 03:45:22",NULL,"109048","A","7","B"
"14908","30972","Standard","A4A","2022-01-01 04:05:11",NULL,"109123","A","4","A"
"14908","34784","Standard","A10B","2022-01-01 03:29:06",NULL,"109123","A","10","B"
"14908","28255","Standard","A1B","2022-01-01 04:17:58",NULL,"109583","A","1","B"
"14908","30927","Standard","A1A","2022-01-01 04:20:22",NULL,"109585","A","1","A"
"14908","30925","Standard","A1B","2022-01-01 04:17:57",NULL,"109647","A","1","B"
"14908","34830","Standard","A11C","2022-01-01 04:40:14",NULL,"109741","A","11","C"
"14908","1918","Standard","A9A","2022-01-01 03:35:52",NULL,"109900","A","9","A"
"14908","26616","Standard","A3C","2022-01-01 04:10:32",NULL,"109900","A","3","C"
"14908","27993","Standard","A11B","2022-01-01 04:38:01",NULL,"109900","A","11","B"
"14908","28329","Standard","A9B","2022-01-01 03:36:56",NULL,"109900","A","9","B"
"14908","28347","Standard","A10B","2022-01-01 03:29:04",NULL,"109900","A","10","B"
"14908","28362","Standard","A11C","2022-01-01 04:40:11",NULL,"109900","A","11","C"
"14908","26652","Standard","A6B","2022-01-01 03:49:09",NULL,"110090","A","6","B"
"14908","26657","Standard","A6B","2022-01-01 03:49:07",NULL,"110090","A","6","B"
"14908","28249","Standard","A1B","2022-01-01 04:18:11",NULL,"110090","A","1","B"
"14908","28337","Standard","A9B","2022-01-01 03:30:36",NULL,"110090","A","9","B"
"14908","34761","Standard","A4C","2022-01-01 03:58:26",NULL,"110233","A","4","C"
"14908","26691","Standard","A8B","2022-01-01 03:41:04",NULL,"110277","A","8","B"
"14908","26626","Standard","A3C","2022-01-01 04:10:21",NULL,"110558","A","3","C"
"14908","27989","Standard","A10A","2022-01-01 03:29:23",NULL,"110558","A","10","A"
"14908","10945","Standard","A10A","2022-01-01 03:29:27",NULL,"110662","A","10","A"
"14908","26641","Standard","A2A","2022-01-01 04:15:03",NULL,"110771","A","2","A"
"14908","30991","Standard","A5C","2022-01-01 03:56:20",NULL,"110771","A","5","C"
"14908","26714","Standard","A9A","2022-01-01 03:36:26",NULL,"111839","A","9","A"
"14908","10950","Standard","A10A","2022-01-01 03:29:30",NULL,"112398","A","10","A"
"14908","28242","Standard","A2B","2022-01-01 04:12:45",NULL,"112413","A","2","B"
"14908","27972","Standard","A9A","2022-01-01 03:36:24",NULL,"112575","A","9","A"
"14908","30907","Standard","A2C","2022-01-01 04:10:52",NULL,"112575","A","2","C"
"14908","34695","Standard","A1A","2022-01-01 04:20:25",NULL,"112723","A","1","A"
"14908","34766","Standard","A4C","2022-01-01 03:58:22",NULL,"112723","A","4","C"
"14908","28280","Standard","A4B","2022-01-01 03:59:15",NULL,"112902","A","4","B"
"14908","10951","Standard","A8C","2022-01-01 03:42:15",NULL,"112913","A","8","C"
"14908","26710","Standard","A10B","2022-01-01 03:28:59",NULL,"113039","A","10","B"
"14908","30920","Standard","A1B","2022-01-01 04:18:04",NULL,"113039","A","1","B"
"14908","28346","Standard","A10B","2022-01-01 03:28:53",NULL,"113276","A","10","B"
"14908","34756","Standard","A6C","2022-01-01 03:48:34",NULL,"113396","A","6","C"
"14908","34800","Standard","A8B","2022-01-01 03:41:10",NULL,"113396","A","8","B"
"14908","28296","Standard","A5B","2022-01-01 03:53:34",NULL,"113413","A","5","B"
"14908","28375","Standard","A1A","2022-01-01 04:20:31",NULL,"113413","A","1","A"
"14908","30909","Standard","A2B","2022-01-01 04:14:28",NULL,"113413","A","2","B"
"14908","10957","Standard","A11C","2022-01-01 04:40:12",NULL,"113419","A","11","C"
"14908","26658","Standard","A5B","2022-01-01 03:55:32",NULL,"113419","A","5","B"
"14908","28365","Standard","A12B","2022-01-01 03:25:13",NULL,"113419","A","12","B"
"14908","30933","Standard","A1B","2022-01-01 04:18:03",NULL,"113419","A","1","B"
"14908","30968","Standard","A3B","2022-01-01 04:09:46",NULL,"113419","A","3","B"
"14908","41006","Standard","A12B","2022-01-01 03:25:11",NULL,"113419","A","12","B"
"14908","10959","Standard","A11B","2022-01-01 04:38:04",NULL,"113507","A","11","B"
"14908","26633","Standard","A2A","2022-01-01 04:15:12",NULL,"113507","A","2","A"
"14908","26716","Standard","A10C","2022-01-01 03:28:23",NULL,"113507","A","10","C"
"14908","28293","Standard","A6B","2022-01-01 03:49:21",NULL,"113507","A","6","B"
"14908","26687","Standard","A6C","2022-01-01 03:48:27",NULL,"113713","A","6","C"
"14908","30994","Standard","A5B","2022-01-01 03:55:52",NULL,"113713","A","5","B"
"14908","34753","Standard","A6B","2022-01-01 03:51:23",NULL,"113713","A","6","B"
"14908","30973","Standard","A3A","2022-01-01 04:05:47",NULL,"113811","A","3","A"
"14908","28252","Standard","A1B","2022-01-01 04:18:14",NULL,"114544","A","1","B"
"14908","1919","Standard","A8A","2022-01-01 03:31:50",NULL,"114675","A","8","A"
"14908","10937","Standard","A8A","2022-01-01 03:34:31",NULL,"114688","A","8","A"
"14908","10974","Standard","A6A","2022-01-01 03:51:39",NULL,"114688","A","6","A"
"14908","26620","Standard","A3A","2022-01-01 04:05:56",NULL,"114688","A","3","A"
"14908","27990","Standard","A10B","2022-01-01 03:29:03",NULL,"114688","A","10","B"
"14908","28238","Standard","A2B","2022-01-01 04:12:42",NULL,"114688","A","2","B"
"14908","28266","Standard","A5B","2022-01-01 03:55:53",NULL,"114688","A","5","B"
"14908","28325","Standard","A9B","2022-01-01 03:36:50",NULL,"114688","A","9","B"
"14908","30899","Standard","A2A","2022-01-01 04:15:04",NULL,"114688","A","2","A"
"14908","30929","Standard","A1B","2022-01-01 04:18:08",NULL,"114688","A","1","B"
"14908","30983","Standard","A6A","2022-01-01 03:51:46",NULL,"114688","A","6","A"
"14908","30988","Standard","A5C","2022-01-01 03:57:47",NULL,"114688","A","5","C"
"14908","34722","Standard","A3A","2022-01-01 04:05:52",NULL,"114688","A","3","A"
"14908","34762","Standard","A7A","2022-01-01 03:45:53",NULL,"114688","A","7","A"
"14908","26637","Standard","A2A","2022-01-01 04:15:12",NULL,"114723","A","2","A"
"14908","26647","Standard","A2A","2022-01-01 04:15:06",NULL,"114723","A","2","A"
"14908","26689","Standard","A8B","2022-01-01 03:41:02",NULL,"114723","A","8","B"
"14908","26664","Standard","A6B","2022-01-01 03:49:08",NULL,"114811","A","6","B"
"14908","28271","Standard","A6B","2022-01-01 03:49:02",NULL,"114811","A","6","B"
"14908","28322","Standard","A9A","2022-01-01 03:36:09",NULL,"114811","A","9","A"
"14908","34730","Standard","A1A","2022-01-01 04:20:16",NULL,"114811","A","1","A"
"14908","28317","Standard","A6C","2022-01-01 03:48:35",NULL,"114830","A","6","C"
"14908","34693","Standard","A1B","2022-01-01 04:17:56",NULL,"114830","A","1","B"
"14908","10949","Standard","A11B","2022-01-01 03:27:09",NULL,"114852","A","11","B"
"14908","26741","Standard","A12A","2022-01-01 03:25:58",NULL,"114852","A","12","A"
"14908","27946","Standard","A8B","2022-01-01 03:41:16",NULL,"114852","A","8","B"
"14908","27982","Standard","A9A","2022-01-01 03:36:17",NULL,"115150","A","9","A"
"14908","27958","Standard","A8B","2022-01-01 03:41:05",NULL,"115193","A","8","B"
"14908","28341","Standard","A10A","2022-01-01 03:29:22",NULL,"115193","A","10","A"
"14908","30990","Standard","A7B","2022-01-01 03:45:12",NULL,"115193","A","7","B"
"14908","34692","Standard","A1B","2022-01-01 04:17:53",NULL,"115193","A","1","B"
"14908","41026","Standard","A12B","2022-01-01 03:24:54",NULL,"115193","A","12","B"
"14908","30955","Standard","A3B","2022-01-01 04:06:11",NULL,"115388","A","3","B"
"14908","10967","Standard","A12A","2022-01-01 03:25:43",NULL,"115477","A","12","A"
"14908","26644","Standard","A1A","2022-01-01 04:20:25",NULL,"115477","A","1","A"
"14908","26669","Standard","A5A","2022-01-01 03:52:48",NULL,"115477","A","5","A"
"14908","28244","Standard","A2A","2022-01-01 04:14:56",NULL,"115477","A","2","A"
"14908","30986","Standard","A6C","2022-01-01 03:48:36",NULL,"115487","A","6","C"
"14908","34811","Standard","A8C","2022-01-01 03:42:08",NULL,"115495","A","8","C"
"14908","41000","Standard","A11B","2022-01-01 04:38:03",NULL,"115514","A","11","B"
"14908","26700","Standard","A8A","2022-01-01 03:34:53",NULL,"115602","A","8","A"
"14908","10970","Standard","A12B","2022-01-01 03:24:55",NULL,"115617","A","12","B"
"14908","26723","Standard","A11B","2022-01-01 03:27:03",NULL,"115617","A","11","B"
"14908","27994","Standard","A7C","2022-01-01 03:42:48",NULL,"115617","A","7","C"
"14908","27981","Standard","A9A","2022-01-01 03:36:20",NULL,"115714","A","9","A"
"14908","28316","Standard","A6C","2022-01-01 03:48:24",NULL,"115714","A","6","C"
"14908","30926","Standard","A1A","2022-01-01 04:20:11",NULL,"115714","A","1","A"
"14908","30987","Standard","A6A","2022-01-01 03:51:43",NULL,"115714","A","6","A"
"14908","41023","Standard","A7A","2022-01-01 03:46:04",NULL,"115714","A","7","A"
"14908","28360","Standard","A12B","2022-01-01 03:25:10",NULL,"115732","A","12","B"
"14908","1914","Standard","A3B","2022-01-01 04:09:40",NULL,"115756","A","3","B"
"14908","26690","Standard","A8A","2022-01-01 03:34:16",NULL,"115756","A","8","A"
"14908","41016","Standard","A11B","2022-01-01 04:38:08",NULL,"115786","A","11","B"
"14908","26670","Standard","A5A","2022-01-01 03:52:52",NULL,"115836","A","5","A"
"14908","10916","Standard","A2B","2022-01-01 04:12:40",NULL,"115837","A","2","B"
"14908","10939","Standard","A10A","2022-01-01 04:37:03",NULL,"115889","A","10","A"
"14908","30978","Standard","A6A","2022-01-01 03:51:44",NULL,"11608","A","6","A"
"14908","26621","Standard","A3B","2022-01-01 04:06:24",NULL,"11641","A","3","B"
"14908","26718","Standard","A8C","2022-01-01 03:42:11",NULL,"11641","A","8","C"
"14908","27997","Standard","A10B","2022-01-01 03:28:47",NULL,"11641","A","10","B"
"14908","28345","Standard","A10B","2022-01-01 03:28:46",NULL,"11641","A","10","B"
"14908","29983","Standard","A7A","2022-01-01 03:45:50",NULL,"11641","A","7","A"
"14908","30906","Standard","A2A","2022-01-01 04:14:57",NULL,"11641","A","2","A"
"14908","30912","Standard","A3B","2022-01-01 04:09:41",NULL,"11641","A","3","B"
"14908","30962","Standard","A3B","2022-01-01 04:09:42",NULL,"11641","A","3","B"
"14908","28247","Standard","A1B","2022-01-01 04:18:10",NULL,"12362","A","1","B"
"14908","28259","Standard","A4B","2022-01-01 03:59:19",NULL,"12362","A","4","B"
"14908","28289","Standard","A4B","2022-01-01 03:59:06",NULL,"12362","A","4","B"
"14908","28297","Standard","A7B","2022-01-01 03:45:31",NULL,"12362","A","7","B"
"14908","28308","Standard","A7B","2022-01-01 03:45:31",NULL,"12362","A","7","B"
"14908","28377","Standard","A1B","2022-01-01 04:18:09",NULL,"12362","A","1","B"
"14908","30939","Standard","A4B","2022-01-01 03:59:05",NULL,"12362","A","4","B"
"14908","34749","Standard","A6B","2022-01-01 03:51:15",NULL,"12362","A","6","B"
"14908","34750","Standard","A6B","2022-01-01 03:49:04",NULL,"12362","A","6","B"
"14908","34767","Standard","A6C","2022-01-01 03:48:34",NULL,"12362","A","6","C"
"14908","34781","Standard","A7C","2022-01-01 03:44:44",NULL,"12362","A","7","C"
"14908","34795","Standard","A9B","2022-01-01 03:36:58",NULL,"12362","A","9","B"
"14908","34807","Standard","A7B","2022-01-01 03:45:17",NULL,"12362","A","7","B"
"14908","10954","Standard","A11B","2022-01-01 04:37:59",NULL,"13182","A","11","B"
"14908","26639","Standard","A2A","2022-01-01 04:15:09",NULL,"13182","A","2","A"
"14908","1920","Standard","A8A","2022-01-01 03:32:03",NULL,"15770","A","8","A"
"14908","34816","Standard","A8A","2022-01-01 03:31:48",NULL,"15770","A","8","A"
"14908","28268","Standard","A4B","2022-01-01 04:02:32",NULL,"16752","A","4","B"
"14908","28339","Standard","A11B","2022-01-01 03:27:08",NULL,"16752","A","11","B"
"14908","28348","Standard","A9B","2022-01-01 03:30:35",NULL,"16752","A","9","B"
"14908","28355","Standard","A10B","2022-01-01 03:28:45",NULL,"16752","A","10","B"
"14908","29981","Standard","A7B","2022-01-01 03:45:19",NULL,"16752","A","7","B"
"14908","30905","Standard","A2B","2022-01-01 04:14:31",NULL,"16752","A","2","B"
"14908","30937","Standard","A3B","2022-01-01 04:09:35",NULL,"16752","A","3","B"
"14908","41010","Standard","A11B","2022-01-01 04:38:13",NULL,"16752","A","11","B"
"14908","41011","Standard","A12B","2022-01-01 03:25:09",NULL,"16752","A","12","B"
"14908","41034","Standard","A12C","2022-01-01 03:16:26",NULL,"16752","A","12","C"
"14908","28350","Standard","A10A","2022-01-01 03:29:29",NULL,"17081","A","10","A"
"14908","34772","Standard","A5A","2022-01-01 03:52:45",NULL,"17738","A","5","A"
"14908","10960","Standard","A11C","2022-01-01 04:40:15",NULL,"1907","A","11","C"
"14908","1916","Standard","A4B","2022-01-01 03:59:20",NULL,"1907","A","4","B"
"14908","26694","Standard","A9B","2022-01-01 03:36:55",NULL,"1907","A","9","B"
"14908","26696","Standard","A8B","2022-01-01 03:40:55",NULL,"1907","A","8","B"
"14908","27991","Standard","A10B","2022-01-01 03:29:02",NULL,"1907","A","10","B"
"14908","28324","Standard","A9B","2022-01-01 03:36:59",NULL,"1907","A","9","B"
"14908","34752","Standard","A6B","2022-01-01 03:49:14",NULL,"1907","A","6","B"
"14908","10947","Standard","A11B","2022-01-01 04:38:13",NULL,"19590","A","11","B"
"14908","27966","Standard","A3A","2022-01-01 04:05:50",NULL,"19590","A","3","A"
"14908","30954","Standard","A3B","2022-01-01 04:06:25",NULL,"19590","A","3","B"
"14908","34783","Standard","A10B","2022-01-01 03:29:01",NULL,"19590","A","10","B"
"14908","41035","Standard","A12C","2022-01-01 03:16:22",NULL,"19590","A","12","C"
"14908","41037","Standard","A12C","2022-01-01 03:16:29",NULL,"19590","A","12","C"
"14908","34805","Standard","A8A","2022-01-01 03:34:12",NULL,"22481","A","8","A"
"14908","34726","Standard","A3B","2022-01-01 04:06:21",NULL,"22925","A","3","B"
"14908","34813","Standard","A8C","2022-01-01 03:42:05",NULL,"22925","A","8","C"
"14908","30952","Standard","A4B","2022-01-01 03:59:02",NULL,"24664","A","4","B"
"14908","30953","Standard","A4B","2022-01-01 04:02:11",NULL,"24664","A","4","B"
"14908","30976","Standard","A4B","2022-01-01 03:58:55",NULL,"24664","A","4","B"
"14908","34836","Standard","A1A","2022-01-01 04:18:41",NULL,"24664","A","1","A"
"14908","34763","Standard","A4A","2022-01-01 04:05:06",NULL,"28009","A","4","A"
"14908","28370","Standard","A12A","2022-01-01 03:25:45",NULL,"28123","A","12","A"
"14908","26619","Standard","A3C","2022-01-01 04:10:27",NULL,"29943","A","3","C"
"14908","10961","Standard","A11B","2022-01-01 04:39:37",NULL,"31233","A","11","B"
"14908","26683","Standard","A5A","2022-01-01 03:52:53",NULL,"31233","A","5","A"
"14908","26699","Standard","A6C","2022-01-01 03:48:30",NULL,"31233","A","6","C"
"14908","28309","Standard","A5B","2022-01-01 03:53:35",NULL,"31233","A","5","B"
"14908","34696","Standard","A1A","2022-01-01 04:20:23",NULL,"31233","A","1","A"
"14908","34754","Standard","A7B","2022-01-01 03:45:10",NULL,"31233","A","7","B"
"14908","30977","Standard","A6B","2022-01-01 03:49:12",NULL,"32627","A","6","B"
"14908","34746","Standard","A6B","2022-01-01 03:48:55",NULL,"32627","A","6","B"
"14908","34834","Standard","A4B","2022-01-01 04:02:05",NULL,"32627","A","4","B"
"14908","41012","Standard","A9A","2022-01-01 03:36:15",NULL,"32627","A","9","A"
"14908","26673","Standard","A5A","2022-01-01 03:52:46",NULL,"33237","A","5","A"
"14908","28286","Standard","A4C","2022-01-01 03:58:32",NULL,"33491","A","4","C"
"14908","30914","Standard","A2B","2022-01-01 04:14:32",NULL,"33491","A","2","B"
"14908","34698","Standard","A1B","2022-01-01 04:18:15",NULL,"33491","A","1","B"
"14908","34764","Standard","A5A","2022-01-01 03:52:29",NULL,"33491","A","5","A"
"14908","26672","Standard","A5B","2022-01-01 03:55:37",NULL,"33546","A","5","B"
"14908","10946","Standard","A8C","2022-01-01 03:42:10",NULL,"3527","A","8","C"
"14908","26625","Standard","A3B","2022-01-01 04:06:24",NULL,"3527","A","3","B"
"14908","26645","Standard","A2A","2022-01-01 04:15:06",NULL,"3527","A","2","A"
"14908","26677","Standard","A5A","2022-01-01 03:52:49",NULL,"3527","A","5","A"
"14908","26738","Standard","A12B","2022-01-01 03:24:56",NULL,"3527","A","12","B"
"14908","26744","Standard","A12B","2022-01-01 03:24:59",NULL,"3527","A","12","B"
"14908","28282","Standard","A4B","2022-01-01 03:59:14",NULL,"3527","A","4","B"
"14908","29975","Standard","A7A","2022-01-01 03:45:55",NULL,"3527","A","7","A"
"14908","30898","Standard","A2B","2022-01-01 04:12:51",NULL,"3527","A","2","B"
"14908","30913","Standard","A2B","2022-01-01 04:12:54",NULL,"3527","A","2","B"
"14908","30982","Standard","A7B","2022-01-01 03:45:11",NULL,"3527","A","7","B"
"14908","30997","Standard","A6A","2022-01-01 03:51:39",NULL,"3527","A","6","A"
"14908","34724","Standard","A1A","2022-01-01 04:20:18",NULL,"3527","A","1","A"
"14908","34776","Standard","A4A","2022-01-01 04:04:54",NULL,"3527","A","4","A"
"14908","28263","Standard","A4B","2022-01-01 03:59:18",NULL,"35589","A","4","B"
"14908","28315","Standard","A6A","2022-01-01 03:51:37",NULL,"35589","A","6","A"
"14908","34733","Standard","A1A","2022-01-01 04:20:24",NULL,"35589","A","1","A"
"14908","10977","Standard","A1B","2022-01-01 04:18:25",NULL,"35900","A","1","B"
"14908","26737","Standard","A12A","2022-01-01 03:25:49",NULL,"35900","A","12","A"
"14908","10968","Standard","A12B","2022-01-01 03:25:05",NULL,"35928","A","12","B"
"14908","28364","Standard","A12B","2022-01-01 03:25:04",NULL,"35928","A","12","B"
"14908","34831","Standard","A4C","2022-01-01 03:58:23",NULL,"35928","A","4","C"
"14908","41005","Standard","A10A","2022-01-01 04:37:06",NULL,"35928","A","10","A"
"14908","28290","Standard","A5B","2022-01-01 03:55:33",NULL,"36357","A","5","B"
"14908","28356","Standard","A11B","2022-01-01 04:38:03",NULL,"36357","A","11","B"
"14908","30981","Standard","A6B","2022-01-01 03:49:20",NULL,"36357","A","6","B"
"14908","34694","Standard","A1A","2022-01-01 04:20:19",NULL,"36357","A","1","A"
"14908","34760","Standard","A9B","2022-01-01 03:36:47",NULL,"36357","A","9","B"
"14908","34808","Standard","A8A","2022-01-01 03:31:49",NULL,"36357","A","8","A"
"14908","34844","Standard","A4C","2022-01-01 03:58:41",NULL,"36357","A","4","C"
"14908","34720","Standard","A3A","2022-01-01 04:05:51",NULL,"36742","A","3","A"
"14908","10920","Standard","A2B","2022-01-01 04:11:08",NULL,"37925","A","2","B"
"14908","10942","Standard","A11B","2022-01-01 03:27:04",NULL,"37925","A","11","B"
"14908","10943","Standard","A11B","2022-01-01 03:27:03",NULL,"37925","A","11","B"
"14908","26617","Standard","A3C","2022-01-01 04:10:29",NULL,"37925","A","3","C"
"14908","26646","Standard","A1A","2022-01-01 04:18:42",NULL,"37925","A","1","A"
"14908","26649","Standard","A6B","2022-01-01 03:49:11",NULL,"37925","A","6","B"
"14908","27961","Standard","A8B","2022-01-01 03:40:57",NULL,"37925","A","8","B"
"14908","27974","Standard","A7C","2022-01-01 03:42:49",NULL,"37925","A","7","C"
"14908","27999","Standard","A9A","2022-01-01 03:36:26",NULL,"37925","A","9","A"
"14908","28265","Standard","A5B","2022-01-01 03:53:36",NULL,"37925","A","5","B"
"14908","28279","Standard","A5B","2022-01-01 03:53:32",NULL,"37925","A","5","B"
"14908","28351","Standard","A11B","2022-01-01 04:38:16",NULL,"37925","A","11","B"
"14908","28368","Standard","A11B","2022-01-01 04:38:05",NULL,"37925","A","11","B"
"14908","34721","Standard","A3A","2022-01-01 04:05:53",NULL,"37950","A","3","A"
"14908","34775","Standard","A3A","2022-01-01 04:05:48",NULL,"37950","A","3","A"
"14908","34778","Standard","A9B","2022-01-01 03:30:38",NULL,"37950","A","9","B"
"14908","28243","Standard","A2B","2022-01-01 04:12:46",NULL,"39036","A","2","B"
"14908","28261","Standard","A5B","2022-01-01 03:55:25",NULL,"39036","A","5","B"
"14908","30904","Standard","A1A","2022-01-01 04:22:00",NULL,"39036","A","1","A"
"14908","28281","Standard","A4B","2022-01-01 04:02:08",NULL,"40091","A","4","B"
"14908","26704","Standard","A10B","2022-01-01 03:28:52",NULL,"40492","A","10","B"
"14908","30917","Standard","A3C","2022-01-01 04:10:32",NULL,"43158","A","3","C"
"14908","34735","Standard","A6A","2022-01-01 03:51:48",NULL,"44144","A","6","A"
"14908","26638","Standard","A2A","2022-01-01 04:15:02",NULL,"44516","A","2","A"
"14908","30999","Standard","A7B","2022-01-01 03:45:32",NULL,"44516","A","7","B"
"14908","34755","Standard","A6B","2022-01-01 03:49:24",NULL,"46626","A","6","B"
"14908","10962","Standard","A11C","2022-01-01 04:40:15",NULL,"48287","A","11","C"
"14908","30911","Standard","A3B","2022-01-01 04:06:20",NULL,"4929","A","3","B"
"14908","34810","Standard","A10B","2022-01-01 03:28:54",NULL,"49800","A","10","B"
"14908","26636","Standard","A2A","2022-01-01 04:15:10",NULL,"52460","A","2","A"
"14908","27978","Standard","A9A","2022-01-01 03:35:45",NULL,"53119","A","9","A"
"14908","30902","Standard","A2B","2022-01-01 04:12:52",NULL,"53119","A","2","B"
"14908","41031","Standard","A12C","2022-01-01 03:16:24",NULL,"53119","A","12","C"
"14908","26634","Standard","A2A","2022-01-01 04:14:53",NULL,"53523","A","2","A"
"14908","27964","Standard","A3B","2022-01-01 04:06:22",NULL,"53523","A","3","B"
"14908","28241","Standard","A2C","2022-01-01 04:10:46",NULL,"54039","A","2","C"
"14908","28321","Standard","A9A","2022-01-01 03:36:03",NULL,"54039","A","9","A"
"14908","30979","Standard","A6B","2022-01-01 03:49:10",NULL,"54039","A","6","B"
"14908","34773","Standard","A4C","2022-01-01 03:58:21",NULL,"54039","A","4","C"
"14908","26623","Standard","A3C","2022-01-01 04:10:30",NULL,"54309","A","3","C"
"14908","27954","Standard","A6C","2022-01-01 03:48:26",NULL,"54309","A","6","C"
"14908","28330","Standard","A9B","2022-01-01 03:36:52",NULL,"54309","A","9","B"
"14908","34729","Standard","A3A","2022-01-01 04:05:55",NULL,"5521","A","3","A"
"14908","27947","Standard","A8A","2022-01-01 03:34:37",NULL,"56038","A","8","A"
"14908","27950","Standard","A8B","2022-01-01 03:41:11",NULL,"56038","A","8","B"
"14908","27970","Standard","A1C","2022-01-01 04:22:10",NULL,"56038","A","1","C"
"14908","27995","Standard","A11B","2022-01-01 03:27:11",NULL,"56038","A","11","B"
"14908","28320","Standard","A7C","2022-01-01 03:42:51",NULL,"56038","A","7","C"
"14908","29979","Standard","A7B","2022-01-01 03:45:24",NULL,"56038","A","7","B"
"14908","34751","Standard","A6B","2022-01-01 03:49:06",NULL,"56038","A","6","B"
"14908","30965","Standard","A4A","2022-01-01 04:04:58",NULL,"56363","A","4","A"
"14908","41025","Standard","A12A","2022-01-01 03:26:00",NULL,"56436","A","12","A"
"14908","28304","Standard","A6B","2022-01-01 03:49:16",NULL,"57429","A","6","B"
"14908","29989","Standard","A7B","2022-01-01 03:45:18",NULL,"57429","A","7","B"
"14908","10963","Standard","A11B","2022-01-01 04:37:59",NULL,"57677","A","11","B"
"14908","27984","Standard","A10A","2022-01-01 04:37:07",NULL,"57677","A","10","A"
"14908","34802","Standard","A8A","2022-01-01 03:34:33",NULL,"58016","A","8","A"
"14908","30970","Standard","A3A","2022-01-01 04:05:49",NULL,"58355","A","3","A"
"14908","29991","Standard","A7B","2022-01-01 03:45:20",NULL,"5853","A","7","B"
"14908","27980","Standard","A9A","2022-01-01 03:36:08",NULL,"5859","A","9","A"
"14908","28269","Standard","A4B","2022-01-01 03:59:12",NULL,"5859","A","4","B"
"14908","28294","Standard","A6B","2022-01-01 03:49:23",NULL,"5859","A","6","B"
"14908","28305","Standard","A6B","2022-01-01 03:49:20",NULL,"5859","A","6","B"
"14908","28358","Standard","A11B","2022-01-01 04:38:10",NULL,"5859","A","11","B"
"14908","30897","Standard","A2B","2022-01-01 04:12:51",NULL,"58810","A","2","B"
"14908","30924","Standard","A1A","2022-01-01 04:20:17",NULL,"58810","A","1","A"
"14908","30989","Standard","A5B","2022-01-01 03:53:35",NULL,"58810","A","5","B"
"14908","10975","Standard","A1A","2022-01-01 04:20:21",NULL,"59819","A","1","A"
"14908","27952","Standard","A8A","2022-01-01 03:34:30",NULL,"59819","A","8","A"
"14908","34827","Standard","A11C","2022-01-01 04:40:13",NULL,"59819","A","11","C"
"14908","26622","Standard","A3C","2022-01-01 04:10:17",NULL,"59944","A","3","C"
"14908","26746","Standard","A12A","2022-01-01 03:25:45",NULL,"59944","A","12","A"
"14908","34837","Standard","A5C","2022-01-01 03:56:22",NULL,"59944","A","5","C"
"14908","41027","Standard","A12A","2022-01-01 03:25:52",NULL,"59944","A","12","A"
"14908","30916","Standard","A3B","2022-01-01 04:09:47",NULL,"61314","A","3","B"
"14908","26685","Standard","A5A","2022-01-01 03:52:56",NULL,"62481","A","5","A"
"14908","34739","Standard","A5C","2022-01-01 03:56:07",NULL,"63457","A","5","C"
"14908","34734","Standard","A5C","2022-01-01 03:56:09",NULL,"64694","A","5","C"
"14908","26684","Standard","A5A","2022-01-01 03:52:54",NULL,"65781","A","5","A"
"14908","28283","Standard","A4C","2022-01-01 03:58:19",NULL,"66534","A","4","C"
"14908","26653","Standard","A5A","2022-01-01 03:52:39",NULL,"68643","A","5","A"
"14908","26686","Standard","A8B","2022-01-01 03:41:09",NULL,"68643","A","8","B"
"14908","26729","Standard","A10C","2022-01-01 03:28:24",NULL,"68643","A","10","C"
"14908","27959","Standard","A8B","2022-01-01 03:40:46",NULL,"68643","A","8","B"
"14908","28276","Standard","A5B","2022-01-01 03:55:30",NULL,"68643","A","5","B"
"14908","28277","Standard","A5B","2022-01-01 03:53:33",NULL,"68643","A","5","B"
"14908","28278","Standard","A5B","2022-01-01 03:53:34",NULL,"68643","A","5","B"
"14908","28295","Standard","A7B","2022-01-01 03:45:27",NULL,"68643","A","7","B"
"14908","28327","Standard","A7A","2022-01-01 03:45:52",NULL,"68643","A","7","A"
"14908","29982","Standard","A7B","2022-01-01 03:45:23",NULL,"68643","A","7","B"
"14908","30951","Standard","A4C","2022-01-01 03:58:15",NULL,"68643","A","4","C"
"14908","34757","Standard","A5B","2022-01-01 03:55:43",NULL,"68643","A","5","B"
"14908","41030","Standard","A12B","2022-01-01 03:25:17",NULL,"68643","A","12","B"
"14908","10913","Standard","A2B","2022-01-01 04:12:56",NULL,"69410","A","2","B"
"14908","27988","Standard","A4A","2022-01-01 04:04:55",NULL,"69410","A","4","A"
"14908","28275","Standard","A4C","2022-01-01 03:58:36",NULL,"69410","A","4","C"
"14908","26698","Standard","A8B","2022-01-01 03:41:16",NULL,"70985","A","8","B"
"14908","26656","Standard","A6B","2022-01-01 03:49:12",NULL,"7208","A","6","B"
"14908","28253","Standard","A1B","2022-01-01 04:18:17",NULL,"7208","A","1","B"
"14908","28342","Standard","A11C","2022-01-01 04:40:04",NULL,"7208","A","11","C"
"14908","29993","Standard","A7A","2022-01-01 03:45:58",NULL,"7208","A","7","A"
"14908","41002","Standard","A10A","2022-01-01 04:36:50",NULL,"7208","A","10","A"
"14908","41039","Standard","A12A","2022-01-01 03:25:48",NULL,"7208","A","12","A"
"14908","34774","Standard","A5C","2022-01-01 03:56:12",NULL,"7233","A","5","C"
"14908","27971","Standard","A9B","2022-01-01 03:30:34",NULL,"72479","A","9","B"
"14908","28340","Standard","A11B","2022-01-01 03:27:07",NULL,"72479","A","11","B"
"14908","30993","Standard","A5C","2022-01-01 03:56:23",NULL,"72479","A","5","C"
"14908","26715","Standard","A10A","2022-01-01 04:37:05",NULL,"72966","A","10","A"
"14908","28344","Standard","A10B","2022-01-01 03:28:49",NULL,"73232","A","10","B"
"14908","34806","Standard","A8B","2022-01-01 03:41:09",NULL,"73232","A","8","B"
"14908","26697","Standard","A8B","2022-01-01 03:40:51",NULL,"73234","A","8","B"
"14908","28254","Standard","A1B","2022-01-01 04:18:17",NULL,"73234","A","1","B"
"14908","28314","Standard","A6C","2022-01-01 03:48:25",NULL,"73234","A","6","C"
"14908","28336","Standard","A9B","2022-01-01 03:36:54",NULL,"73234","A","9","B"
"14908","30923","Standard","A1B","2022-01-01 04:18:07",NULL,"73234","A","1","B"
"14908","30940","Standard","A4B","2022-01-01 03:59:08",NULL,"73234","A","4","B"
"14908","34797","Standard","A7C","2022-01-01 03:44:41",NULL,"73234","A","7","C"
"14908","26640","Standard","A2A","2022-01-01 04:15:08",NULL,"74097","A","2","A"
"14908","26720","Standard","A8A","2022-01-01 03:34:06",NULL,"74217","A","8","A"
"14908","27986","Standard","A10B","2022-01-01 03:29:04",NULL,"74217","A","10","B"
"14908","41009","Standard","A10C","2022-01-01 03:28:22",NULL,"74217","A","10","C"
"14908","26662","Standard","A5A","2022-01-01 03:52:59",NULL,"75272","A","5","A"
"14908","28248","Standard","A1B","2022-01-01 04:18:18",NULL,"75272","A","1","B"
"14908","26711","Standard","A8C","2022-01-01 03:41:43",NULL,"7540","A","8","C"
"14908","41024","Standard","A12B","2022-01-01 03:25:02",NULL,"7540","A","12","B"
"14908","30971","Standard","A4A","2022-01-01 04:05:09",NULL,"76396","A","4","A"
"14908","34725","Standard","A2B","2022-01-01 04:12:44",NULL,"76396","A","2","B"
"14908","34732","Standard","A2B","2022-01-01 04:12:49",NULL,"76396","A","2","B"
"14908","34743","Standard","A6B","2022-01-01 03:49:18",NULL,"76396","A","6","B"
"14908","34835","Standard","A5A","2022-01-01 03:52:53",NULL,"76396","A","5","A"
"14908","41015","Standard","A11C","2022-01-01 04:40:10",NULL,"76396","A","11","C"
"14908","41018","Standard","A12B","2022-01-01 03:25:14",NULL,"76396","A","12","B"
"14908","26618","Standard","A3C","2022-01-01 04:10:28",NULL,"76965","A","3","C"
"14908","27969","Standard","A1A","2022-01-01 04:18:37",NULL,"76965","A","1","A"
"14908","26671","Standard","A6A","2022-01-01 03:51:41",NULL,"7712","A","6","A"
"14908","30915","Standard","A3B","2022-01-01 04:09:46",NULL,"7712","A","3","B"
"14908","34765","Standard","A4A","2022-01-01 04:04:46",NULL,"7712","A","4","A"
"14908","34833","Standard","A9A","2022-01-01 03:36:23",NULL,"7712","A","9","A"
"14908","28267","Standard","A4B","2022-01-01 04:02:14",NULL,"78138","A","4","B"
"14908","28373","Standard","A12A","2022-01-01 03:25:53",NULL,"78222","A","12","A"
"14908","34727","Standard","A2B","2022-01-01 04:11:11",NULL,"78222","A","2","B"
"14908","26728","Standard","A10C","2022-01-01 03:28:21",NULL,"78930","A","10","C"
"14908","29974","Standard","A7B","2022-01-01 03:45:24",NULL,"78930","A","7","B"
"14908","29988","Standard","A7B","2022-01-01 03:45:28",NULL,"78930","A","7","B"
"14908","41001","Standard","A12B","2022-01-01 03:25:07",NULL,"78930","A","12","B"
"14908","28367","Standard","A10B","2022-01-01 03:28:54",NULL,"79405","A","10","B"
"14908","34777","Standard","A9B","2022-01-01 03:30:40",NULL,"79405","A","9","B"
"14908","10976","Standard","A5A","2022-01-01 03:52:26",NULL,"8052","A","5","A"
"14908","30995","Standard","A5C","2022-01-01 03:56:10",NULL,"81932","A","5","C"
"14908","28273","Standard","A5B","2022-01-01 03:55:47",NULL,"82438","A","5","B"
"14908","30957","Standard","A4B","2022-01-01 04:02:18",NULL,"83074","A","4","B"
"14908","34719","Standard","A3A","2022-01-01 04:05:48",NULL,"83074","A","3","A"
"14908","26724","Standard","A10A","2022-01-01 03:29:26",NULL,"8320","A","10","A"
"14908","10941","Standard","A10B","2022-01-01 03:28:58",NULL,"83576","A","10","B"
"14908","34799","Standard","A8C","2022-01-01 03:42:09",NULL,"83576","A","8","C"
"14908","34809","Standard","A8B","2022-01-01 03:41:03",NULL,"83576","A","8","B"
"14908","26674","Standard","A5B","2022-01-01 03:53:30",NULL,"83712","A","5","B"
"14908","26682","Standard","A5C","2022-01-01 03:56:19",NULL,"83712","A","5","C"
"14908","27962","Standard","A8B","2022-01-01 03:40:54",NULL,"83712","A","8","B"
"14908","27967","Standard","A2A","2022-01-01 04:15:11",NULL,"83712","A","2","A"
"14908","28303","Standard","A6B","2022-01-01 03:51:18",NULL,"83712","A","6","B"
"14908","28374","Standard","A2A","2022-01-01 04:15:05",NULL,"83712","A","2","A"
"14908","34817","Standard","A8C","2022-01-01 03:42:07",NULL,"83712","A","8","C"
"14908","10964","Standard","A12C","2022-01-01 03:16:32",NULL,"84322","A","12","C"
"14908","30980","Standard","A5C","2022-01-01 03:57:46",NULL,"84861","A","5","C"
"14908","41008","Standard","A11C","2022-01-01 04:40:16",NULL,"84974","A","11","C"
"14908","26667","Standard","A5A","2022-01-01 03:52:55",NULL,"85160","A","5","A"
"14908","28299","Standard","A6B","2022-01-01 03:49:22",NULL,"86076","A","6","B"
"14908","28313","Standard","A7B","2022-01-01 03:45:26",NULL,"86076","A","7","B"
"14908","28326","Standard","A9B","2022-01-01 03:30:37",NULL,"86076","A","9","B"
"14908","28335","Standard","A8B","2022-01-01 03:40:52",NULL,"86076","A","8","B"
"14908","28354","Standard","A11B","2022-01-01 04:38:07",NULL,"86076","A","11","B"
"14908","29992","Standard","A7B","2022-01-01 03:45:22",NULL,"86076","A","7","B"
"14908","30932","Standard","A1B","2022-01-01 04:17:51",NULL,"86076","A","1","B"
"14908","30944","Standard","A3B","2022-01-01 04:09:34",NULL,"86076","A","3","B"
"14908","41019","Standard","A12B","2022-01-01 03:25:15",NULL,"86076","A","12","B"
"14908","26731","Standard","A8C","2022-01-01 03:42:13",NULL,"86342","A","8","C"
"14908","27955","Standard","A6C","2022-01-01 03:48:32",NULL,"86342","A","6","C"
"14908","28333","Standard","A7C","2022-01-01 03:42:52",NULL,"86342","A","7","C"
"14908","28363","Standard","A12B","2022-01-01 03:25:08",NULL,"86342","A","12","B"
"14908","26627","Standard","A2C","2022-01-01 04:10:47",NULL,"87183","A","2","C"
"14908","30941","Standard","A3B","2022-01-01 04:06:27",NULL,"87190","A","3","B"
"14908","30996","Standard","A5B","2022-01-01 03:55:42",NULL,"87190","A","5","B"
"14908","34742","Standard","A6B","2022-01-01 03:49:05",NULL,"87190","A","6","B"
"14908","34731","Standard","A2B","2022-01-01 04:12:47",NULL,"87389","A","2","B"
"14908","27975","Standard","A9B","2022-01-01 03:30:38",NULL,"88429","A","9","B"
"14908","29990","Standard","A7B","2022-01-01 03:45:21",NULL,"88429","A","7","B"
"14908","41007","Standard","A12B","2022-01-01 03:25:16",NULL,"88429","A","12","B"
"14908","26635","Standard","A1A","2022-01-01 04:18:43",NULL,"8870","A","1","A"
"14908","27977","Standard","A9A","2022-01-01 03:36:06",NULL,"89191","A","9","A"
"14908","29977","Standard","A8B","2022-01-01 03:41:12",NULL,"89191","A","8","B"
"14908","30960","Standard","A4C","2022-01-01 03:58:42",NULL,"89191","A","4","C"
"14908","34780","Standard","A9B","2022-01-01 03:36:51",NULL,"89191","A","9","B"
"14908","27948","Standard","A8B","2022-01-01 03:41:08",NULL,"89224","A","8","B"
"14908","26631","Standard","A2A","2022-01-01 04:15:13",NULL,"90158","A","2","A"
"14908","26681","Standard","A5A","2022-01-01 03:52:33",NULL,"90158","A","5","A"
"14908","27992","Standard","A11C","2022-01-01 04:40:08",NULL,"90158","A","11","C"
"14908","28264","Standard","A4B","2022-01-01 04:02:02",NULL,"90158","A","4","B"
"14908","30900","Standard","A2A","2022-01-01 04:15:02",NULL,"90158","A","2","A"
"14908","30930","Standard","A1B","2022-01-01 04:18:19",NULL,"90158","A","1","B"
"14908","30975","Standard","A4A","2022-01-01 04:05:07",NULL,"90158","A","4","A"
"14908","29980","Standard","A7B","2022-01-01 03:45:25",NULL,"90171","A","7","B"
"14908","28287","Standard","A4C","2022-01-01 03:58:37",NULL,"90500","A","4","C"
"14908","34819","Standard","A12A","2022-01-01 03:25:57",NULL,"90777","A","12","A"
"14908","26754","Standard","A1B","2022-01-01 04:18:20",NULL,"90815","A","1","B"
"14908","29996","Standard","A7A","2022-01-01 03:47:45",NULL,"90908","A","7","A"
"14908","30947","Standard","A5B","2022-01-01 03:53:24",NULL,"90908","A","5","B"
"14908","30992","Standard","A5C","2022-01-01 03:57:44",NULL,"90908","A","5","C"
"14908","34814","Standard","A8A","2022-01-01 03:31:48",NULL,"90908","A","8","A"
"14908","34823","Standard","A12B","2022-01-01 03:25:01",NULL,"90908","A","12","B"
"14908","34828","Standard","A12A","2022-01-01 03:25:56",NULL,"90908","A","12","A"
"14908","26708","Standard","A10B","2022-01-01 03:28:56",NULL,"91114","A","10","B"
"14908","34738","Standard","A6B","2022-01-01 03:49:23",NULL,"91114","A","6","B"
"14908","34768","Standard","A5C","2022-01-01 03:56:11",NULL,"91377","A","5","C"
"14908","10931","Standard","A2C","2022-01-01 04:10:49",NULL,"91488","A","2","C"
"14908","26624","Standard","A3B","2022-01-01 04:09:39",NULL,"91690","A","3","B"
"14908","26688","Standard","A9B","2022-01-01 03:36:55",NULL,"91848","A","9","B"
"14908","27949","Standard","A8A","2022-01-01 03:34:25",NULL,"91848","A","8","A"
"14908","28237","Standard","A2B","2022-01-01 04:12:49",NULL,"91848","A","2","B"
"14908","28245","Standard","A2B","2022-01-01 04:12:55",NULL,"91848","A","2","B"
"14908","28292","Standard","A6C","2022-01-01 03:48:21",NULL,"91848","A","6","C"
"14908","28332","Standard","A7C","2022-01-01 03:42:51",NULL,"91848","A","7","C"
"14908","28338","Standard","A8B","2022-01-01 03:41:14",NULL,"91848","A","8","B"
"14908","34723","Standard","A1B","2022-01-01 04:17:50",NULL,"91848","A","1","B"
"14908","26679","Standard","A5C","2022-01-01 03:56:18",NULL,"92266","A","5","C"
"14908","30938","Standard","A4B","2022-01-01 03:59:03",NULL,"92266","A","4","B"
"14908","34716","Standard","A3A","2022-01-01 04:05:53",NULL,"92266","A","3","A"
"14908","30961","Standard","A3C","2022-01-01 04:10:22",NULL,"92442","A","3","C"
"14908","26740","Standard","A12B","2022-01-01 03:25:01",NULL,"92656","A","12","B"
"14908","27960","Standard","A8B","2022-01-01 03:41:01",NULL,"92656","A","8","B"
"14908","34717","Standard","A3B","2022-01-01 04:09:38",NULL,"93115","A","3","B"
"14908","26675","Standard","A5A","2022-01-01 03:52:47",NULL,"93528","A","5","A"
"14908","28349","Standard","A10B","2022-01-01 03:28:50",NULL,"93528","A","10","B"
"14908","41013","Standard","A10A","2022-01-01 03:29:31",NULL,"93528","A","10","A"
"14908","28285","Standard","A4C","2022-01-01 03:58:34",NULL,"93530","A","4","C"
"14908","28311","Standard","A5B","2022-01-01 03:55:49",NULL,"93530","A","5","B"
"14908","29995","Standard","A7A","2022-01-01 03:47:49",NULL,"93555","A","7","A"
"14908","29998","Standard","A8B","2022-01-01 03:40:53",NULL,"93555","A","8","B"
"14908","26630","Standard","A3A","2022-01-01 04:05:57",NULL,"94346","A","3","A"
"14908","28307","Standard","A7B","2022-01-01 03:45:33",NULL,"94346","A","7","B"
"14908","26713","Standard","A10B","2022-01-01 03:29:00",NULL,"94906","A","10","B"
"14908","28334","Standard","A9A","2022-01-01 03:36:05",NULL,"94906","A","9","A"
"14908","28357","Standard","A11B","2022-01-01 04:38:12",NULL,"94906","A","11","B"
"14908","29986","Standard","A7A","2022-01-01 03:45:56",NULL,"94906","A","7","A"
"14908","30910","Standard","A3B","2022-01-01 04:06:20",NULL,"94906","A","3","B"
"14908","30931","Standard","A1B","2022-01-01 04:17:58",NULL,"94906","A","1","B"
"14908","30950","Standard","A4A","2022-01-01 04:04:52",NULL,"94906","A","4","A"
"14908","30959","Standard","A4B","2022-01-01 03:59:04",NULL,"94906","A","4","B"
"14908","30984","Standard","A6A","2022-01-01 03:51:47",NULL,"94906","A","6","A"
"14908","34782","Standard","A7C","2022-01-01 03:44:43",NULL,"94906","A","7","C"
"14908","34788","Standard","A7C","2022-01-01 03:42:53",NULL,"94906","A","7","C"
"14908","34822","Standard","A12B","2022-01-01 03:24:58",NULL,"94980","A","12","B"
"14908","10944","Standard","A10A","2022-01-01 04:37:03",NULL,"95282","A","10","A"
"14908","27987","Standard","A10A","2022-01-01 03:29:32",NULL,"95988","A","10","A"
"14908","28239","Standard","A2B","2022-01-01 04:12:40",NULL,"95988","A","2","B"
"14908","29987","Standard","A7A","2022-01-01 03:46:05",NULL,"95988","A","7","A"
"14908","30963","Standard","A4B","2022-01-01 03:59:13",NULL,"95988","A","4","B"
"14908","26642","Standard","A1A","2022-01-01 04:20:15",NULL,"98007","A","1","A"
"14908","26655","Standard","A5B","2022-01-01 03:55:54",NULL,"98007","A","5","B"
"14908","28318","Standard","A6B","2022-01-01 03:49:15",NULL,"98007","A","6","B"
"14908","10919","Standard","A2B","2022-01-01 04:12:42",NULL,"98297","A","2","B"
"14908","26736","Standard","A12A","2022-01-01 03:25:54",NULL,"98297","A","12","A"
"14908","41029","Standard","A12A","2022-01-01 03:25:51",NULL,"98297","A","12","A"
"14908","28251","Standard","A1B","2022-01-01 04:17:59",NULL,"98341","A","1","B"
"14908","28301","Standard","A6B","2022-01-01 03:51:24",NULL,"98341","A","6","B"
"14908","26615","Standard","A3C","2022-01-01 04:10:29",NULL,"98403","A","3","C"
"14908","29997","Standard","A7C","2022-01-01 03:42:43",NULL,"98842","A","7","C"
"14908","30985","Standard","A6B","2022-01-01 03:49:09",NULL,"98842","A","6","B"
"14908","34740","Standard","A5C","2022-01-01 03:56:08",NULL,"98842","A","5","C"
"14908","41004","Standard","A12B","2022-01-01 03:25:12",NULL,"98842","A","12","B"
"14908","34815","Standard","A10C","2022-01-01 03:28:25",NULL,"98872","A","10","C"
"14908","26726","Standard","A9A","2022-01-01 03:36:25",NULL,"99675","A","9","A"
"14908","26734","Standard","A12A","2022-01-01 03:25:59",NULL,"99675","A","12","A"
"14908","27985","Standard","A7C","2022-01-01 03:42:50",NULL,"99675","A","7","C"
"14908","28306","Standard","A7B","2022-01-01 03:45:27",NULL,"99675","A","7","B"
"14908","30921","Standard","A1A","2022-01-01 04:20:16",NULL,"99675","A","1","A"
"14908","27957","Standard","A7A","2022-01-01 03:45:51",NULL,"99956","A","7","A"
"14908","28369","Standard","A12C","2022-01-01 03:16:05",NULL,"99956","A","12","C"
"14908","29978","Standard","A8B","2022-01-01 03:41:18",NULL,"99956","A","8","B"
"14908",,"Standard","A4B","2022-01-01 04:01:53",NULL,"N/A","A","4","B"
"14908","10906","Standard","A2B","2022-01-01 04:14:34",NULL,"N/A","A","2","B"
"14908","10907","Standard","A2B","2022-01-01 04:14:35",NULL,"N/A","A","2","B"
"14908","10911","Standard","A2B","2022-01-01 04:12:56",NULL,"N/A","A","2","B"
"14908","10912","Standard","A2B","2022-01-01 04:12:43",NULL,"N/A","A","2","B"
"14908","10914","Standard","A2B","2022-01-01 04:14:33",NULL,"N/A","A","2","B"
"14908","10915","Standard","A2B","2022-01-01 04:14:33",NULL,"N/A","A","2","B"
"14908","10917","Standard","A2B","2022-01-01 04:12:31",NULL,"N/A","A","2","B"
"14908","10921","Standard","A2B","2022-01-01 04:14:35",NULL,"N/A","A","2","B"
"14908","10922","Standard","A2B","2022-01-01 04:12:29",NULL,"N/A","A","2","B"
"14908","10923","Standard","A3B","2022-01-01 04:06:18",NULL,"N/A","A","3","B"
"14908","10924","Standard","A1B","2022-01-01 04:18:06",NULL,"N/A","A","1","B"
"14908","10925","Standard","A2C","2022-01-01 04:10:48",NULL,"N/A","A","2","C"
"14908","10926","Standard","A3B","2022-01-01 04:06:19",NULL,"N/A","A","3","B"
"14908","10927","Standard","A3C","2022-01-01 04:10:26",NULL,"N/A","A","3","C"
"14908","10928","Standard","A1B","2022-01-01 04:18:06",NULL,"N/A","A","1","B"
"14908","10929","Standard","A3C","2022-01-01 04:10:25",NULL,"N/A","A","3","C"
"14908","10930","Standard","A1B","2022-01-01 04:18:02",NULL,"N/A","A","1","B"
"14908","10932","Standard","A2C","2022-01-01 04:10:50",NULL,"N/A","A","2","C"
"14908","10933","Standard","A1B","2022-01-01 04:18:18",NULL,"N/A","A","1","B"
"14908","10934","Standard","A2C","2022-01-01 04:10:51",NULL,"N/A","A","2","C"
"14908","10935","Standard","A1B","2022-01-01 04:18:15",NULL,"N/A","A","1","B"
"14908","22628","Standard","A8B","2022-01-01 03:40:42",NULL,"N/A","A","8","B"
"14908","22835","Standard","A2C","2022-01-01 04:10:48",NULL,"N/A","A","2","C"
"14908","22852","Standard","A2A","2022-01-01 04:15:08",NULL,"N/A","A","2","A"
"14908","22858","Standard","A5C","2022-01-01 03:56:17",NULL,"N/A","A","5","C"
"14908","22861","Standard","A3B","2022-01-01 04:09:44",NULL,"N/A","A","3","B"
"14908","22867","Standard","A4A","2022-01-01 04:05:10",NULL,"N/A","A","4","A"
"14908","22870","Standard","A3B","2022-01-01 04:09:33",NULL,"N/A","A","3","B"
"14908","22874","Standard","A3B","2022-01-01 04:09:48",NULL,"N/A","A","3","B"
"14908","22880","Standard","A4B","2022-01-01 03:59:10",NULL,"N/A","A","4","B"
"14908","22888","Standard","A3B","2022-01-01 04:09:29",NULL,"N/A","A","3","B"
"14908","26665","Standard","A5B","2022-01-01 03:55:36",NULL,"N/A","A","5","B"
"14908","26666","Standard","A6B","2022-01-01 03:49:03",NULL,"N/A","A","6","B"
"14908","26695","Standard","A7C","2022-01-01 03:42:54",NULL,"N/A","A","7","C"
"14908","26745","Standard","A12B","2022-01-01 03:25:03",NULL,"N/A","A","12","B"
"14908","27956","Standard","A8B","2022-01-01 03:40:58",NULL,"N/A","A","8","B"
"14908","28236","Standard","A2B","2022-01-01 04:12:48",NULL,"N/A","A","2","B"
"14908","28240","Standard","A2B","2022-01-01 04:11:11",NULL,"N/A","A","2","B"
"14908","28331","Standard","A9B","2022-01-01 03:36:53",NULL,"N/A","A","9","B"
"14908","30908","Standard","A3C","2022-01-01 04:10:31",NULL,"N/A","A","3","C"
"14908","30919","Standard","A1B","2022-01-01 04:18:03",NULL,"N/A","A","1","B"
"14908","30946","Standard","A3B","2022-01-01 04:09:36",NULL,"N/A","A","3","B"
"14908","34699","Standard","A1B","2022-01-01 04:18:22",NULL,"N/A","A","1","B"
"14908","34700","Standard","A1A","2022-01-01 04:20:28",NULL,"N/A","A","1","A"
"14908","34701","Standard","A1B","2022-01-01 04:17:52",NULL,"N/A","A","1","B"
"14908","34737","Standard","A6A","2022-01-01 03:51:50",NULL,"N/A","A","6","A"
"14908","34769","Standard","A5B","2022-01-01 03:55:34",NULL,"N/A","A","5","B"
"14908","34787","Standard","A7C","2022-01-01 03:44:36",NULL,"N/A","A","7","C"
"14908","34803","Standard","A10B","2022-01-01 03:28:51",NULL,"N/A","A","10","B"
"14908","34804","Standard","A10A","2022-01-01 04:37:05",NULL,"N/A","A","10","A"
"14908","34812","Standard","A8C","2022-01-01 03:42:06",NULL,"N/A","A","8","C"
"14908","34840","Standard","A6C","2022-01-01 03:48:29",NULL,"N/A","A","6","C"
"14908","810047882688","Standard","A9B","2022-01-01 03:36:56",NULL,"N/A","A","9","B"
"14908","sp535789876","Standard","A8A","2022-01-01 03:31:51",NULL,"N/A","A","8","A"
"14908","10938","Standard","A8B","2022-01-01 03:40:49",NULL,"No Bidder","A","8","B"
"14908","26628","Standard","A2C","2022-01-01 04:10:52",NULL,"No Bidder","A","2","C"
"14908","26632","Standard","A2B","2022-01-01 04:12:41",NULL,"No Bidder","A","2","B"
"14908","26643","Standard","A1A","2022-01-01 04:20:30",NULL,"No Bidder","A","1","A"
"14908","26650","Standard","A6B","2022-01-01 03:49:25",NULL,"No Bidder","A","6","B"
"14908","26654","Standard","A5B","2022-01-01 03:55:41",NULL,"No Bidder","A","5","B"
"14908","26702","Standard","A8A","2022-01-01 03:34:28",NULL,"No Bidder","A","8","A"
"14908","26735","Standard","A12B","2022-01-01 03:25:04",NULL,"No Bidder","A","12","B"
"14908","27951","Standard","A8A","2022-01-01 03:34:32",NULL,"No Bidder","A","8","A"
"14908","27979","Standard","A9A","2022-01-01 03:36:16",NULL,"No Bidder","A","9","A"
"14908","28246","Standard","A1B","2022-01-01 04:17:54",NULL,"No Bidder","A","1","B"
"14908","28250","Standard","A1B","2022-01-01 04:18:23",NULL,"No Bidder","A","1","B"
"14908","28260","Standard","A4B","2022-01-01 04:02:16",NULL,"No Bidder","A","4","B"
"14908","28270","Standard","A5B","2022-01-01 03:53:29",NULL,"No Bidder","A","5","B"
"14908","28272","Standard","A4B","2022-01-01 04:02:12",NULL,"No Bidder","A","4","B"
"14908","28300","Standard","A7B","2022-01-01 03:45:15",NULL,"No Bidder","A","7","B"
"14908","28302","Standard","A7B","2022-01-01 03:45:29",NULL,"No Bidder","A","7","B"
"14908","28319","Standard","A7B","2022-01-01 03:45:13",NULL,"No Bidder","A","7","B"
"14908","29976","Standard","A8B","2022-01-01 03:41:17",NULL,"No Bidder","A","8","B"
"14908","30918","Standard","A1B","2022-01-01 04:17:47",NULL,"No Bidder","A","1","B"
"14908","30922","Standard","A1B","2022-01-01 04:18:24",NULL,"No Bidder","A","1","B"
"14908","30928","Standard","A1B","2022-01-01 04:18:05",NULL,"No Bidder","A","1","B"
"14908","30934","Standard","A1B","2022-01-01 04:17:55",NULL,"No Bidder","A","1","B"
"14908","30935","Standard","A3B","2022-01-01 04:06:15",NULL,"No Bidder","A","3","B"
"14908","30943","Standard","A4B","2022-01-01 03:59:09",NULL,"No Bidder","A","4","B"
"14908","30945","Standard","A4B","2022-01-01 03:59:07",NULL,"No Bidder","A","4","B"
"14908","30948","Standard","A3B","2022-01-01 04:06:26",NULL,"No Bidder","A","3","B"
"14908","30949","Standard","A4C","2022-01-01 03:58:21",NULL,"No Bidder","A","4","C"
"14908","30956","Standard","A4C","2022-01-01 03:58:40",NULL,"No Bidder","A","4","C"
"14908","30958","Standard","A3B","2022-01-01 04:06:27",NULL,"No Bidder","A","3","B"
"14908","34718","Standard","A3A","2022-01-01 04:05:54",NULL,"No Bidder","A","3","A"
"14908","34728","Standard","A2B","2022-01-01 04:12:47",NULL,"No Bidder","A","2","B"
"14908","34741","Standard","A5B","2022-01-01 03:55:33",NULL,"No Bidder","A","5","B"
"14908","34770","Standard","A4B","2022-01-01 04:02:05",NULL,"No Bidder","A","4","B"
"14908","34771","Standard","A4B","2022-01-01 04:02:07",NULL,"No Bidder","A","4","B"
"14908","34786","Standard","A8A","2022-01-01 03:34:52",NULL,"No Bidder","A","8","A"
"14908","41022","Standard","A4B","2022-01-01 03:59:12",NULL,"No Bidder","A","4","B"
"14908","41028","Standard","A12A","2022-01-01 03:25:55",NULL,"No Bidder","A","12","A"
"14908","41038","Standard","A12C","2022-01-01 03:16:30",NULL,"No Bidder","A","12","C"
"14908","41040","Standard","A11B","2022-01-01 04:38:11",NULL,"No Bidder","A","11","B"
